{"segments":[{"inverted":true,"paths":[{"x":1.827969176912566,"y":1.233363857581966},{"x":1.4313838370901668,"y":1.1602693818306002},{"x":0.8639717810792349,"y":0.7445333845628427},{"x":0.5379792093579261,"y":1.2419723360655772}],"constraints":{"velocity":71.0,"accel":170.0}}],"commands":[{"t":0.8,"name":"outtake"}]}