{"segments":[{"inverted":true,"paths":[{"x":1.6825083247950792,"y":0.695680712090163},{"x":1.6627343750000028,"y":1.2589365607923482},{"x":1.1279516734972672,"y":1.4423091700819686},{"x":0.5248900700136644,"y":1.4635527663934467}],"constraints":{"velocity":71.0,"accel":170.0}}],"commands":[{"t":0.8,"name":"leftWingOut"}]}